unit	procedure	cli_owner	behavior_test	skills	deletion_status
P2.1	check discovery, glob matching, mandatory perspective coverage and bounded packets	review prepare	review-assembly.test.mjs: prepare owns mandatory coverage; check collision; new check freshness	code-review; document-review	removed
P2.1	confidence filtering, exact matching, numeric aggregation and total sorting	review assemble	review-assembly.test.mjs: invariant to result order; explicit adjudication	code-review; document-review	removed
P2.1	coverage accounting and factual tables	review assemble	review-assembly.test.mjs: failed coverage; bounded report and retrievable evidence	code-review; document-review	removed
P2.2	frontmatter, IDs, dates, headings, activity and lifecycle transitions	plan-new --file; plan-update --file	plan-operations.test.mjs: structured creation; progress invariance; concurrent stale decisions; interrupted start	ensure-plan; capture-issue; plan-issue; plan-coordinator; engineer	removed
P2.2	selected intent hashes, explicit amendments and evidence invalidation	plan-update amend; gate; verify; status	plan-operations.test.mjs: source drift; frozen relock; migration; long Windows paths; gap drift	ensure-plan; plan-issue; engineer	removed
P2.2	completion prerequisites and remaining task counts	plan-update complete; status	plan-operations.test.mjs: actual proof rejects incomplete later phase, then completes and rejects stale replay	engineer	removed
P2.3	destinations, serialization, provenance, indexing and plan references	compound --learning-decision	deterministic-delivery.test.mjs: three scopes, missing/changed bytes and interrupted publication	compound-learnings; auto-compound	removed
P2.3	episode hashes, kinds, caps, lint and persisted repair budgets	consolidate --candidates; --apply	consolidation-packets.test.mjs: stale/tampered packets, one repair and bounded debt drain	consolidate	removed
P2.3	committed consumption replay and damaged operation receipts	consolidate --apply	consolidation-packets.test.mjs: interrupted outer receipt and receipt integrity	consolidate	removed
