skill	judgment_retained	mechanical_owner	behavioral_evidence	audit_result
architect	architecture and tradeoffs	plan-update authored notes; report facts	plan-operations; report-facts	domain reasoning retained
auto-compound	durability, applicability and primitive recommendation	compound; resources candidates	deterministic-delivery; resource-governance	deterministic procedure recommendation routes to CLI
auto-skill-draft	recurrence intervention and usefulness	resources candidates/propose	resource-governance; verify-repeat	mechanics delegated; counters do not activate
aws	cloud design, security and operational tradeoffs	named product checks; installed doctor proof when applicable	resource-governance; deterministic-delivery	domain judgment retained; no duplicate kernel algorithm found
brainstorming	ambiguous requirements, alternatives and accepted choices	plan-new; plan-update notes	plan-operations	dated YAML template removed
capture-issue	problem framing and semantic duplicate judgment	plan-new; intake discovery	issue-intake; plan-operations	mechanics delegated
code-review	defects, severity, evidence and ambiguous merges	review prepare/assemble	review-assembly	mechanics delegated
codebase-context	purpose and inferred architecture	report facts; retrieval	report-facts	mechanics delegated
compound-learnings	root cause, lesson, scope and promotion judgment	compound learning-decision	deterministic-delivery; insight-compound	mechanics delegated
consolidate	ADD/STRENGTHEN/MERGE/SUPERSEDE/NOOP meaning	consolidate candidates/apply	consolidation-packets	mechanics delegated
create-primitive	need, overlap, type, useful content, evals and minimum authority	resources scaffold/create/validate/propose	resource-governance	duplicate structural templates and tool tables removed
deepen-plan	research value, sources, conflicts and integration	plan-update amend notes/criteria/phases	plan-operations	frontmatter edits and summary arithmetic removed
document-review	design, coherence, scope and feasibility	review prepare/assemble document	review-assembly	mechanics delegated
engineer	mode, strategy, delegation and accountability	plan operations; gate; review; verify; compound; report	deterministic-delivery; prompt-library-contracts	mechanics delegated
ensure-capability	encountered gap class/scope, adequacy and safe continuation	plan-update gaps; resources proposals	plan-operations; resource-governance	manual gap YAML removed
ensure-plan	intent, scope and check adequacy	plan-new; plan-update; status	plan-operations; cli-plan-gate	mechanics delegated
harness-doctor	cause diagnosis and authorized repair	doctor; installed product-proof entry	doctor-structural; deterministic-delivery	existing delegation extended; real-product and live-host pending
import-conventions	source-backed conventions and smallest primitive	resources scaffold/create/validate	resource-governance	manual metadata checks and counts removed
index-memory	interpret index diagnostics	index	cli-recall-index	existing CLI delegation preserved
java	domain applicability, design and tradeoffs	named product checks; installed doctor proof when applicable	resource-governance; deterministic-delivery	domain judgment retained; no duplicate kernel algorithm found
plan-issue	approach, criteria and research	plan-new; plan-update	plan-operations	mechanics delegated
project-readme	purpose, onboarding clarity and supported explanations	report facts; retrieval	report-facts	mechanics delegated
python	domain applicability, idioms and tradeoffs	named product checks; installed doctor proof when applicable	resource-governance; deterministic-delivery	domain judgment retained; no duplicate kernel algorithm found
recall	relevance and interpretation of advisory memory	recall; orient; lookup/get	orient-learnings; context-pack	existing CLI delegation preserved
sql	query/schema correctness, data risks and tradeoffs	named product checks; installed doctor proof when applicable	resource-governance; deterministic-delivery	domain judgment retained; no duplicate kernel algorithm found
triage-issues	impact, effort and priority	report facts; intake	report-facts; issue-intake	mechanics delegated
